2568,深圳信息网,唐良桥,地市级,http://info.gxglb.cn/440/OTkwNzc3NTQ=.html
3015,光厂,覃春晖,省部级,https://www.vjshi.com/watch/30037718.html
2629,中国拟在建项目网,文承聪,行业,https://www.bhi.com.cn/News/ShowDetails.aspx?columns=27&id=90027215
478,魅力海南,朱莹、邓讷,省部级,http://meili.dhnnews.cn/7b0/NzI3MTczOTA=.html
1697,魅力海南,邓讷,省部级,http://meili.dhnnews.cn/7b0/ODk3OTA0MDg=.html
1713,魅力海南,邓讷,省部级,http://meili.dhnnews.cn/7b0/ODk3OTY1Mjg=.html
2567,乐活深圳,唐良桥,地市级,http://lehuocn.com.cn/6e4a/885b66051828.html
3141,魅力海南,邓讷,省部级,http://meili.dhnnews.cn/7b0/ODU2MTM1OTg=.html
171,魅力海南,邓讷,省部级,http://meili.dhnnews.cn/7b0/NzU5MTA1MzA=.html
3155,琼海视窗,邓讷,省部级,http://qhscw.com.cn/c64/ODU2MTM2ODI=.html
1511,魅力海南,邓讷,省部级,http://meili.dhnnews.cn/7b0/Nzg0OTcxNjY=.html
2617,同花顺财经,马松涛,行业,http://news.10jqka.com.cn/20241012/c662359694.shtml
181,南方日报,杨德晨、张美怡,省部级,https://epaper.southcn.com/nfdaily/html/202403/17/content_10093542.html?from=weChatMessage
903,福建人大网,文承聪,省部级,"https://www.fjrd.gov.cn/ct/4-190680#:~:text=11%E6%9C%8820%E6%97%A5%EF%BC%8C%E7%9C%81,%E4%B8%8A%E8%BF%88%E5%87%BA%E6%9B%B4%E5%A4%A7%E6%AD%A5%E4%BC%90%E3%80%82"
470,魅力海南,朱莹、邓讷,省部级,http://meili.dhnnews.cn/7b0/NjM2NDI3ODA=.html
3251,同花顺财经,张泽,地市级,http://news.10jqka.com.cn/20240625/c659185976.shtml
1272,大埔网,伍学铁,地市级,https://www.514200.com/thread-1353834-1-1.html
3209,广东视窗网,徐晓东,省部级,http://gdsc.cnzixun.com.cn/085c/2e3858038172.html
1009,玻璃工业网,姚瑞哲、崔国玉,行业,http://www.chinaglassnet.com/info_main/20241231/49457.html
2395,广东视窗网,唐良桥,省部级,http://gdsc.cnzixun.com.cn/085c/2e3866051740.html
1496,海南省人民政府官网,邓讷,省部级,https://www.hainan.gov.cn/hainan/hnxstq/202404/5489fbe74eb24c61abf5654b1a5b9619.shtml
3162,海南省人民政府官网,邓讷,省部级,https://www.hainan.gov.cn/hainan/zmgtpxwe/202406/2159162050a94b59ba518cb636d369b2.shtml
3159,海南省人民政府官网,邓讷,省部级,https://www.hainan.gov.cn/hainan/5309/202406/aa0bdd28d550415cb0954234d855510d.shtml
133,焦点中国网,赵琥珀,中央级,http://news.cnlehuo.com.cn/c22/MTIxMjEwOTQ=.html
385,焦点中国网,王亚坤,中央级,http://news.cnlehuo.com.cn/c22/MTAyNzI1ODA=.html
384,中国财经在线,王亚坤,中央级,http://cn.cyceo.cn/a951/893341120776.html
3312,房天下,张泽,地市级,https://hs.news.fang.com/open/50507088.html
2753,魅力海南,邓讷,省部级,http://meili.dhnnews.cn/7b0/OTY1NzcyMTI=.html
1080,热搜中国,邓讷,中央级,http://www.resouzg.com/show-6-12974-1.html
793,热搜中国,朱莹、邓讷,中央级,http://www.resouzg.com/show-6-13056-1.html
2895," 广州医科大学",刘楚逸,行业,https://mp.weixin.qq.com/s/bLP_FrEH0jFkOziqPWCDpA
